UserID,ProblemID,Difficulty,Topic,Solved
1,1173,Easy,Greedy,1
1,1055,Medium,Math,1
1,1131,Medium,DP,1
1,1122,Medium,Trees,0
1,1189,Hard,Strings,1
1,1044,Medium,Trees,1
1,1169,Easy,Graphs,1
1,1022,Medium,Graphs,1
1,1073,Easy,Sorting,1
1,1132,Hard,Graphs,0
1,1170,Easy,Arrays,1
1,1163,Hard,Greedy,0
1,1159,Hard,Greedy,1
1,1086,Hard,Graphs,0
1,1024,Hard,Graphs,0
1,1061,Medium,Graphs,0
1,1200,Medium,Strings,0
1,1080,Easy,Greedy,1
1,1058,Easy,Arrays,0
1,1051,Medium,Trees,0
1,1038,Easy,Greedy,1
1,1007,Easy,Arrays,0
1,1012,Medium,Strings,1
1,1063,Hard,Greedy,0
1,1197,Medium,Math,0
1,1157,Medium,Arrays,0
1,1019,Hard,Trees,0
1,1117,Easy,Graphs,1
1,1107,Hard,DP,0
1,1162,Hard,DP,0
1,1148,Hard,Arrays,0
1,1050,Hard,Trees,1
1,1099,Medium,DP,1
1,1127,Easy,Math,1
1,1103,Easy,Arrays,1
1,1177,Easy,Trees,0
1,1180,Hard,Math,0
1,1002,Medium,Greedy,0
1,1028,Easy,Strings,0
1,1109,Easy,Sorting,0
1,1057,Easy,Trees,1
1,1046,Easy,DP,0
1,1133,Hard,Strings,0
1,1119,Medium,Greedy,0
1,1013,Easy,Greedy,1
1,1143,Medium,Greedy,1
1,1064,Easy,DP,0
1,1032,Medium,Greedy,1
1,1184,Medium,Graphs,1
1,1035,Medium,Arrays,1
1,1175,Easy,Math,1
1,1136,Medium,Arrays,1
1,1144,Medium,Math,0
1,1082,Medium,Greedy,1
1,1114,Medium,Arrays,0
1,1130,Easy,Greedy,1
1,1110,Easy,Sorting,0
1,1141,Medium,DP,1
1,1115,Easy,Sorting,1
1,1041,Easy,Sorting,1
1,1176,Hard,Math,0
1,1116,Medium,DP,1
1,1067,Easy,Strings,1
1,1154,Easy,DP,0
1,1071,Easy,Sorting,1
1,1134,Easy,Sorting,1
1,1125,Medium,Strings,1
1,1062,Hard,Math,0
1,1149,Easy,DP,1
1,1113,Medium,Arrays,1
1,1020,Easy,Math,1
2,1120,Medium,Greedy,1
2,1180,Hard,Math,0
2,1066,Medium,Sorting,0
2,1197,Medium,Math,0
2,1095,Medium,Graphs,0
2,1043,Easy,Math,1
2,1156,Medium,DP,0
2,1194,Medium,Greedy,0
2,1192,Medium,Trees,1
2,1184,Medium,Graphs,0
2,1030,Medium,Graphs,0
2,1042,Easy,DP,1
2,1080,Easy,Greedy,1
2,1028,Easy,Strings,0
2,1149,Easy,DP,1
2,1007,Easy,Arrays,0
2,1188,Easy,Graphs,0
2,1148,Hard,Arrays,1
2,1174,Easy,Greedy,0
2,1097,Hard,Graphs,0
2,1102,Medium,Graphs,0
2,1051,Medium,Trees,0
2,1020,Easy,Math,1
2,1152,Medium,Trees,1
2,1161,Easy,Trees,0
2,1063,Hard,Greedy,1
2,1027,Medium,Strings,1
2,1078,Hard,Strings,0
2,1154,Easy,DP,1
2,1031,Medium,DP,0
2,1145,Medium,Math,0
2,1011,Hard,DP,0
2,1089,Medium,Sorting,1
2,1137,Medium,Math,0
2,1110,Easy,Sorting,1
2,1196,Medium,DP,0
2,1018,Medium,Graphs,0
2,1130,Easy,Greedy,0
2,1088,Medium,Greedy,0
2,1004,Medium,Graphs,0
2,1108,Easy,Trees,1
2,1126,Easy,Trees,0
3,1104,Hard,Greedy,0
3,1178,Medium,Strings,1
3,1063,Hard,Greedy,1
3,1079,Medium,Sorting,1
3,1170,Easy,Arrays,1
3,1149,Easy,DP,0
3,1095,Medium,Graphs,0
3,1122,Medium,Trees,0
3,1142,Easy,Greedy,1
3,1136,Medium,Arrays,1
3,1089,Medium,Sorting,1
3,1109,Easy,Sorting,1
3,1141,Medium,DP,1
3,1085,Easy,Arrays,0
3,1091,Hard,Greedy,0
3,1180,Hard,Math,0
3,1117,Easy,Graphs,1
3,1070,Hard,Graphs,1
3,1197,Medium,Math,0
3,1065,Medium,Arrays,0
3,1060,Hard,DP,0
3,1031,Medium,DP,1
3,1050,Hard,Trees,0
3,1081,Easy,Arrays,0
3,1179,Hard,Graphs,1
3,1138,Hard,Graphs,0
3,1048,Hard,Graphs,0
3,1199,Easy,Greedy,1
3,1056,Hard,Strings,0
3,1124,Hard,Greedy,0
3,1071,Easy,Sorting,0
3,1151,Easy,Sorting,1
3,1135,Hard,Math,0
3,1153,Medium,Graphs,1
3,1073,Easy,Sorting,1
3,1026,Easy,Sorting,1
3,1173,Easy,Greedy,1
3,1076,Hard,Greedy,1
3,1059,Hard,Math,0
3,1093,Easy,Trees,1
3,1046,Easy,DP,0
3,1078,Hard,Strings,0
3,1004,Medium,Graphs,1
4,1045,Hard,Trees,0
4,1142,Easy,Greedy,0
4,1020,Easy,Math,1
4,1041,Easy,Sorting,1
4,1001,Medium,Arrays,1
4,1105,Easy,Sorting,1
4,1116,Medium,DP,0
4,1177,Easy,Trees,1
4,1153,Medium,Graphs,1
4,1121,Medium,Arrays,1
4,1075,Easy,Trees,0
4,1009,Easy,Math,0
4,1060,Hard,DP,0
4,1074,Hard,DP,0
4,1181,Easy,Math,0
4,1073,Easy,Sorting,1
4,1180,Hard,Math,0
4,1117,Easy,Graphs,1
4,1019,Hard,Trees,0
4,1176,Hard,Math,0
4,1188,Easy,Graphs,1
4,1068,Hard,Math,0
4,1161,Easy,Trees,1
4,1151,Easy,Sorting,1
4,1170,Easy,Arrays,1
4,1051,Medium,Trees,0
4,1109,Easy,Sorting,1
4,1030,Medium,Graphs,1
4,1140,Easy,Graphs,1
4,1058,Easy,Arrays,1
4,1166,Easy,Strings,0
4,1039,Hard,Strings,0
4,1069,Easy,Greedy,0
4,1037,Hard,Trees,0
4,1182,Easy,Trees,0
4,1016,Easy,Strings,0
4,1043,Easy,Math,1
4,1079,Medium,Sorting,0
4,1192,Medium,Trees,1
4,1146,Hard,Arrays,0
4,1187,Easy,Greedy,0
4,1113,Medium,Arrays,1
4,1032,Medium,Greedy,0
4,1120,Medium,Greedy,0
4,1078,Hard,Strings,0
5,1014,Hard,Strings,0
5,1049,Easy,DP,1
5,1133,Hard,Strings,1
5,1093,Easy,Trees,1
5,1160,Medium,Graphs,0
5,1194,Medium,Greedy,1
5,1128,Medium,Graphs,0
5,1161,Easy,Trees,1
5,1114,Medium,Arrays,0
5,1200,Medium,Strings,0
5,1053,Medium,Arrays,0
5,1069,Easy,Greedy,1
5,1141,Medium,DP,0
5,1034,Easy,Greedy,0
5,1074,Hard,DP,0
5,1113,Medium,Arrays,1
5,1179,Hard,Graphs,1
5,1125,Medium,Strings,1
5,1032,Medium,Greedy,0
5,1008,Medium,Trees,0
5,1162,Hard,DP,0
5,1156,Medium,DP,1
5,1062,Hard,Math,0
5,1041,Easy,Sorting,1
5,1080,Easy,Greedy,1
5,1142,Easy,Greedy,1
5,1004,Medium,Graphs,0
5,1175,Easy,Math,1
5,1105,Easy,Sorting,1
5,1024,Hard,Graphs,0
5,1058,Easy,Arrays,1
5,1030,Medium,Graphs,0
5,1119,Medium,Greedy,0
5,1031,Medium,DP,0
5,1166,Easy,Strings,0
5,1040,Easy,Sorting,0
5,1195,Medium,Trees,1
5,1075,Easy,Trees,1
5,1131,Medium,DP,0
5,1070,Hard,Graphs,0
5,1107,Hard,DP,0
5,1124,Hard,Greedy,1
5,1121,Medium,Arrays,1
5,1063,Hard,Greedy,0
5,1117,Easy,Graphs,0
5,1173,Easy,Greedy,0
5,1038,Easy,Greedy,1
5,1099,Medium,DP,1
5,1199,Easy,Greedy,1
5,1180,Hard,Math,0
5,1035,Medium,Arrays,0
5,1018,Medium,Graphs,1
5,1071,Easy,Sorting,1
5,1196,Medium,DP,0
5,1088,Medium,Greedy,1
5,1130,Easy,Greedy,1
5,1189,Hard,Strings,1
5,1001,Medium,Arrays,1
5,1073,Easy,Sorting,1
5,1077,Medium,Trees,1
5,1126,Easy,Trees,1
5,1039,Hard,Strings,0
5,1115,Easy,Sorting,1
5,1159,Hard,Greedy,1
5,1089,Medium,Sorting,0
5,1086,Hard,Graphs,0
5,1097,Hard,Graphs,1
6,1060,Hard,DP,1
6,1119,Medium,Greedy,0
6,1164,Hard,DP,1
6,1066,Medium,Sorting,0
6,1118,Hard,Graphs,1
6,1197,Medium,Math,1
6,1171,Hard,Greedy,0
6,1003,Easy,Graphs,1
6,1120,Medium,Greedy,0
6,1074,Hard,DP,0
6,1174,Easy,Greedy,1
6,1140,Easy,Graphs,1
6,1041,Easy,Sorting,1
6,1019,Hard,Trees,0
6,1114,Medium,Arrays,1
6,1089,Medium,Sorting,0
6,1151,Easy,Sorting,1
6,1077,Medium,Trees,1
6,1198,Medium,Arrays,1
6,1109,Easy,Sorting,1
6,1177,Easy,Trees,1
6,1065,Medium,Arrays,0
6,1117,Easy,Graphs,1
6,1078,Hard,Strings,1
6,1051,Medium,Trees,1
6,1099,Medium,DP,1
6,1124,Hard,Greedy,0
6,1028,Easy,Strings,1
6,1061,Medium,Graphs,1
6,1098,Easy,Greedy,1
6,1147,Easy,Trees,1
6,1092,Easy,Trees,1
6,1148,Hard,Arrays,1
7,1136,Medium,Arrays,1
7,1129,Easy,Graphs,0
7,1070,Hard,Graphs,1
7,1043,Easy,Math,1
7,1066,Medium,Sorting,1
7,1124,Hard,Greedy,0
7,1076,Hard,Greedy,0
7,1192,Medium,Trees,0
7,1087,Medium,Math,1
7,1030,Medium,Graphs,1
7,1120,Medium,Greedy,1
7,1020,Easy,Math,0
7,1037,Hard,Trees,0
7,1058,Easy,Arrays,1
7,1174,Easy,Greedy,1
7,1173,Easy,Greedy,1
7,1102,Medium,Graphs,0
7,1143,Medium,Greedy,1
7,1094,Medium,Arrays,1
7,1024,Hard,Graphs,1
7,1184,Medium,Graphs,1
7,1004,Medium,Graphs,0
7,1068,Hard,Math,0
7,1138,Hard,Graphs,0
7,1032,Medium,Greedy,0
7,1117,Easy,Graphs,1
7,1095,Medium,Graphs,1
7,1185,Easy,Greedy,0
7,1178,Medium,Strings,1
7,1150,Medium,Math,1
7,1098,Easy,Greedy,1
7,1164,Hard,DP,1
7,1096,Easy,Strings,0
7,1028,Easy,Strings,1
7,1060,Hard,DP,0
7,1121,Medium,Arrays,0
7,1007,Easy,Arrays,1
7,1159,Hard,Greedy,1
7,1144,Medium,Math,0
7,1084,Easy,Arrays,1
7,1157,Medium,Arrays,0
7,1057,Easy,Trees,1
7,1017,Medium,Arrays,1
7,1119,Medium,Greedy,1
7,1078,Hard,Strings,1
7,1105,Easy,Sorting,1
7,1191,Medium,Math,1
7,1036,Easy,Arrays,1
7,1012,Medium,Strings,0
7,1010,Hard,Arrays,0
7,1156,Medium,DP,1
7,1127,Easy,Math,1
7,1154,Easy,DP,1
7,1025,Hard,Graphs,0
7,1061,Medium,Graphs,0
7,1177,Easy,Trees,0
7,1035,Medium,Arrays,0
7,1100,Medium,Math,0
7,1175,Easy,Math,1
7,1186,Easy,Trees,1
7,1139,Hard,DP,0
8,1187,Easy,Greedy,1
8,1169,Easy,Graphs,1
8,1134,Easy,Sorting,1
8,1078,Hard,Strings,0
8,1118,Hard,Graphs,0
8,1165,Hard,Arrays,1
8,1008,Medium,Trees,1
8,1016,Easy,Strings,1
8,1123,Medium,Strings,1
8,1103,Easy,Arrays,1
8,1110,Easy,Sorting,1
8,1176,Hard,Math,1
8,1028,Easy,Strings,1
8,1126,Easy,Trees,1
8,1183,Easy,Strings,1
8,1114,Medium,Arrays,0
8,1019,Hard,Trees,1
8,1021,Hard,Strings,0
8,1083,Medium,Arrays,1
8,1156,Medium,DP,0
9,1081,Easy,Arrays,0
9,1110,Easy,Sorting,0
9,1200,Medium,Strings,1
9,1171,Hard,Greedy,0
9,1066,Medium,Sorting,1
9,1096,Easy,Strings,1
9,1040,Easy,Sorting,1
9,1176,Hard,Math,1
9,1122,Medium,Trees,1
9,1018,Medium,Graphs,1
9,1024,Hard,Graphs,0
9,1022,Medium,Graphs,0
9,1190,Medium,Graphs,1
9,1111,Easy,Math,1
9,1025,Hard,Graphs,1
9,1195,Medium,Trees,1
9,1034,Easy,Greedy,1
9,1143,Medium,Greedy,1
9,1016,Easy,Strings,1
9,1151,Easy,Sorting,1
9,1144,Medium,Math,0
9,1180,Hard,Math,0
9,1085,Easy,Arrays,1
9,1172,Easy,Sorting,1
9,1032,Medium,Greedy,0
9,1106,Medium,Trees,0
9,1091,Hard,Greedy,1
10,1087,Medium,Math,1
10,1090,Easy,Sorting,1
10,1002,Medium,Greedy,1
10,1047,Medium,Graphs,1
10,1037,Hard,Trees,1
10,1145,Medium,Math,1
10,1169,Easy,Graphs,1
10,1103,Easy,Arrays,1
10,1018,Medium,Graphs,1
10,1196,Medium,DP,0
10,1190,Medium,Graphs,1
10,1163,Hard,Greedy,0
10,1008,Medium,Trees,0
10,1024,Hard,Graphs,0
10,1136,Medium,Arrays,0
10,1056,Hard,Strings,0
10,1097,Hard,Graphs,1
10,1108,Easy,Trees,0
10,1117,Easy,Graphs,1
10,1088,Medium,Greedy,1
10,1041,Easy,Sorting,0
10,1095,Medium,Graphs,0
10,1080,Easy,Greedy,1
10,1084,Easy,Arrays,1
10,1146,Hard,Arrays,0
10,1153,Medium,Graphs,1
10,1022,Medium,Graphs,1
10,1014,Hard,Strings,1
10,1040,Easy,Sorting,1
10,1180,Hard,Math,0
10,1159,Hard,Greedy,0
10,1013,Easy,Greedy,0
10,1021,Hard,Strings,0
10,1070,Hard,Graphs,1
10,1114,Medium,Arrays,0
10,1109,Easy,Sorting,1
10,1125,Medium,Strings,0
10,1156,Medium,DP,0
10,1166,Easy,Strings,1
10,1107,Hard,DP,0
10,1167,Hard,Trees,0
10,1185,Easy,Greedy,1
10,1132,Hard,Graphs,1
10,1030,Medium,Graphs,0
10,1089,Medium,Sorting,1
10,1111,Easy,Math,1
10,1029,Easy,Math,0
10,1073,Easy,Sorting,1
10,1152,Medium,Trees,0
10,1164,Hard,DP,0
10,1135,Hard,Math,0
10,1079,Medium,Sorting,1
10,1012,Medium,Strings,1
10,1057,Easy,Trees,1
11,1046,Easy,DP,1
11,1198,Medium,Arrays,0
11,1161,Easy,Trees,1
11,1127,Easy,Math,1
11,1119,Medium,Greedy,1
11,1194,Medium,Greedy,1
11,1145,Medium,Math,1
11,1149,Easy,DP,1
11,1115,Easy,Sorting,1
11,1175,Easy,Math,0
11,1195,Medium,Trees,1
11,1165,Hard,Arrays,0
11,1163,Hard,Greedy,0
11,1160,Medium,Graphs,1
11,1083,Medium,Arrays,0
11,1199,Easy,Greedy,1
11,1081,Easy,Arrays,1
11,1039,Hard,Strings,0
11,1113,Medium,Arrays,1
11,1018,Medium,Graphs,1
11,1121,Medium,Arrays,0
11,1114,Medium,Arrays,1
11,1162,Hard,DP,0
11,1078,Hard,Strings,0
12,1183,Easy,Strings,1
12,1022,Medium,Graphs,1
12,1130,Easy,Greedy,0
12,1166,Easy,Strings,1
12,1045,Hard,Trees,1
12,1011,Hard,DP,1
12,1064,Easy,DP,1
12,1182,Easy,Trees,1
12,1113,Medium,Arrays,1
12,1192,Medium,Trees,0
12,1135,Hard,Math,0
12,1134,Easy,Sorting,1
12,1157,Medium,Arrays,1
12,1041,Easy,Sorting,1
12,1094,Medium,Arrays,0
12,1096,Easy,Strings,1
12,1073,Easy,Sorting,1
12,1100,Medium,Math,1
12,1105,Easy,Sorting,1
12,1087,Medium,Math,0
12,1174,Easy,Greedy,1
12,1154,Easy,DP,1
12,1014,Hard,Strings,0
12,1162,Hard,DP,0
12,1197,Medium,Math,0
12,1086,Hard,Graphs,1
12,1017,Medium,Arrays,1
12,1085,Easy,Arrays,1
12,1025,Hard,Graphs,0
12,1143,Medium,Greedy,1
12,1099,Medium,DP,1
12,1184,Medium,Graphs,1
12,1065,Medium,Arrays,0
12,1155,Medium,Strings,1
12,1039,Hard,Strings,0
12,1175,Easy,Math,1
12,1021,Hard,Strings,0
12,1150,Medium,Math,0
12,1037,Hard,Trees,0
12,1090,Easy,Sorting,1
12,1080,Easy,Greedy,1
12,1101,Medium,Graphs,1
12,1034,Easy,Greedy,0
12,1153,Medium,Graphs,0
12,1199,Easy,Greedy,1
12,1160,Medium,Graphs,1
12,1144,Medium,Math,1
12,1097,Hard,Graphs,0
12,1173,Easy,Greedy,1
12,1033,Easy,Trees,1
12,1190,Medium,Graphs,1
12,1024,Hard,Graphs,0
12,1109,Easy,Sorting,1
12,1131,Medium,DP,1
12,1093,Easy,Trees,1
12,1005,Medium,Arrays,1
12,1146,Hard,Arrays,0
12,1167,Hard,Trees,1
13,1116,Medium,DP,1
13,1090,Easy,Sorting,1
13,1007,Easy,Arrays,0
13,1107,Hard,DP,0
13,1014,Hard,Strings,1
13,1102,Medium,Graphs,0
13,1129,Easy,Graphs,1
13,1096,Easy,Strings,1
13,1061,Medium,Graphs,1
13,1099,Medium,DP,1
13,1021,Hard,Strings,1
13,1193,Easy,Math,1
13,1058,Easy,Arrays,1
13,1008,Medium,Trees,1
13,1082,Medium,Greedy,1
13,1026,Easy,Sorting,1
13,1183,Easy,Strings,1
13,1167,Hard,Trees,0
13,1086,Hard,Graphs,1
13,1038,Easy,Greedy,1
13,1036,Easy,Arrays,1
13,1010,Hard,Arrays,0
13,1074,Hard,DP,0
13,1121,Medium,Arrays,1
13,1180,Hard,Math,0
13,1177,Easy,Trees,1
13,1115,Easy,Sorting,0
13,1158,Easy,Arrays,1
13,1002,Medium,Greedy,1
13,1190,Medium,Graphs,0
13,1005,Medium,Arrays,1
13,1066,Medium,Sorting,0
13,1056,Hard,Strings,0
13,1039,Hard,Strings,0
13,1141,Medium,DP,0
13,1156,Medium,DP,1
13,1136,Medium,Arrays,1
13,1109,Easy,Sorting,1
13,1029,Easy,Math,0
13,1178,Medium,Strings,1
13,1192,Medium,Trees,0
13,1078,Hard,Strings,0
13,1032,Medium,Greedy,0
14,1017,Medium,Arrays,0
14,1184,Medium,Graphs,1
14,1118,Hard,Graphs,0
14,1010,Hard,Arrays,0
14,1076,Hard,Greedy,0
14,1052,Easy,Sorting,1
14,1012,Medium,Strings,0
14,1195,Medium,Trees,1
14,1011,Hard,DP,0
14,1081,Easy,Arrays,1
14,1080,Easy,Greedy,1
14,1132,Hard,Graphs,1
14,1102,Medium,Graphs,1
14,1140,Easy,Graphs,1
14,1122,Medium,Trees,1
14,1065,Medium,Arrays,0
14,1197,Medium,Math,1
14,1166,Easy,Strings,1
14,1049,Easy,DP,1
14,1074,Hard,DP,1
14,1092,Easy,Trees,0
14,1013,Easy,Greedy,1
14,1168,Hard,Greedy,0
14,1085,Easy,Arrays,1
14,1070,Hard,Graphs,0
14,1032,Medium,Greedy,0
14,1095,Medium,Graphs,1
14,1112,Easy,Arrays,1
14,1103,Easy,Arrays,1
14,1113,Medium,Arrays,0
14,1099,Medium,DP,0
14,1087,Medium,Math,0
15,1009,Easy,Math,0
15,1033,Easy,Trees,1
15,1018,Medium,Graphs,0
15,1061,Medium,Graphs,1
15,1166,Easy,Strings,1
15,1094,Medium,Arrays,0
15,1093,Easy,Trees,0
15,1099,Medium,DP,0
15,1146,Hard,Arrays,0
15,1200,Medium,Strings,0
15,1155,Medium,Strings,1
15,1040,Easy,Sorting,0
15,1174,Easy,Greedy,1
15,1116,Medium,DP,0
15,1095,Medium,Graphs,0
15,1096,Easy,Strings,1
15,1114,Medium,Arrays,0
15,1020,Easy,Math,0
15,1147,Easy,Trees,1
15,1036,Easy,Arrays,1
15,1136,Medium,Arrays,0
15,1195,Medium,Trees,1
15,1102,Medium,Graphs,0
15,1081,Easy,Arrays,1
15,1167,Hard,Trees,1
15,1072,Hard,DP,1
15,1064,Easy,DP,1
15,1030,Medium,Graphs,1
15,1007,Easy,Arrays,0
15,1048,Hard,Graphs,0
15,1128,Medium,Graphs,0
15,1133,Hard,Strings,0
15,1100,Medium,Math,0
15,1144,Medium,Math,1
15,1031,Medium,DP,0
15,1068,Hard,Math,0
15,1067,Easy,Strings,1
15,1115,Easy,Sorting,1
15,1055,Medium,Math,0
15,1157,Medium,Arrays,0
15,1074,Hard,DP,1
15,1126,Easy,Trees,0
15,1052,Easy,Sorting,1
15,1032,Medium,Greedy,0
15,1035,Medium,Arrays,0
15,1019,Hard,Trees,0
15,1187,Easy,Greedy,0
15,1045,Hard,Trees,0
15,1184,Medium,Graphs,0
15,1023,Easy,Greedy,1
15,1082,Medium,Greedy,1
15,1089,Medium,Sorting,0
15,1017,Medium,Arrays,0
15,1141,Medium,DP,0
15,1139,Hard,DP,0
15,1075,Easy,Trees,1
15,1077,Medium,Trees,0
15,1041,Easy,Sorting,1
15,1153,Medium,Graphs,0
15,1194,Medium,Greedy,1
15,1131,Medium,DP,0
15,1058,Easy,Arrays,1
15,1161,Easy,Trees,0
15,1158,Easy,Arrays,1
15,1181,Easy,Math,1
15,1197,Medium,Math,1
15,1127,Easy,Math,1
15,1172,Easy,Sorting,1
15,1182,Easy,Trees,1
15,1186,Easy,Trees,1
15,1120,Medium,Greedy,0
16,1188,Easy,Graphs,1
16,1089,Medium,Sorting,1
16,1103,Easy,Arrays,1
16,1034,Easy,Greedy,1
16,1195,Medium,Trees,1
16,1095,Medium,Graphs,1
16,1132,Hard,Graphs,0
16,1144,Medium,Math,1
16,1028,Easy,Strings,1
16,1082,Medium,Greedy,1
16,1062,Hard,Math,0
16,1120,Medium,Greedy,0
16,1032,Medium,Greedy,0
16,1069,Easy,Greedy,1
16,1116,Medium,DP,0
16,1064,Easy,DP,1
16,1037,Hard,Trees,1
16,1025,Hard,Graphs,0
16,1013,Easy,Greedy,0
16,1075,Easy,Trees,1
16,1099,Medium,DP,1
16,1158,Easy,Arrays,1
16,1108,Easy,Trees,1
16,1185,Easy,Greedy,1
16,1041,Easy,Sorting,1
16,1084,Easy,Arrays,1
16,1148,Hard,Arrays,0
16,1081,Easy,Arrays,0
16,1049,Easy,DP,1
16,1176,Hard,Math,1
16,1128,Medium,Graphs,0
16,1194,Medium,Greedy,1
16,1189,Hard,Strings,0
16,1170,Easy,Arrays,1
16,1079,Medium,Sorting,1
16,1167,Hard,Trees,0
16,1006,Easy,Greedy,0
16,1024,Hard,Graphs,0
16,1101,Medium,Graphs,0
16,1130,Easy,Greedy,1
16,1118,Hard,Graphs,0
16,1190,Medium,Graphs,0
16,1056,Hard,Strings,0
16,1150,Medium,Math,1
16,1091,Hard,Greedy,0
16,1182,Easy,Trees,1
16,1155,Medium,Strings,1
16,1073,Easy,Sorting,1
16,1127,Easy,Math,0
16,1121,Medium,Arrays,0
16,1074,Hard,DP,0
16,1138,Hard,Graphs,0
16,1003,Easy,Graphs,1
16,1192,Medium,Trees,0
16,1111,Easy,Math,0
17,1185,Easy,Greedy,1
17,1014,Hard,Strings,0
17,1150,Medium,Math,0
17,1123,Medium,Strings,0
17,1044,Medium,Trees,0
17,1135,Hard,Math,0
17,1162,Hard,DP,1
17,1200,Medium,Strings,1
17,1159,Hard,Greedy,0
17,1098,Easy,Greedy,1
17,1038,Easy,Greedy,0
17,1175,Easy,Math,1
17,1063,Hard,Greedy,1
17,1009,Easy,Math,1
17,1147,Easy,Trees,1
17,1180,Hard,Math,1
17,1029,Easy,Math,1
17,1049,Easy,DP,0
17,1005,Medium,Arrays,0
17,1113,Medium,Arrays,1
17,1081,Easy,Arrays,1
17,1108,Easy,Trees,1
17,1039,Hard,Strings,0
17,1106,Medium,Trees,0
17,1053,Medium,Arrays,0
17,1177,Easy,Trees,0
17,1129,Easy,Graphs,1
17,1157,Medium,Arrays,1
17,1121,Medium,Arrays,1
17,1016,Easy,Strings,1
17,1036,Easy,Arrays,1
17,1133,Hard,Strings,0
17,1054,Medium,Graphs,1
17,1144,Medium,Math,1
17,1084,Easy,Arrays,1
17,1197,Medium,Math,1
17,1195,Medium,Trees,0
17,1097,Hard,Graphs,0
17,1193,Easy,Math,1
17,1045,Hard,Trees,0
17,1118,Hard,Graphs,0
17,1137,Medium,Math,1
17,1088,Medium,Greedy,0
17,1140,Easy,Graphs,1
18,1026,Easy,Sorting,1
18,1106,Medium,Trees,0
18,1085,Easy,Arrays,1
18,1184,Medium,Graphs,1
18,1121,Medium,Arrays,0
18,1175,Easy,Math,0
18,1198,Medium,Arrays,1
18,1036,Easy,Arrays,0
18,1002,Medium,Greedy,1
18,1141,Medium,DP,0
18,1041,Easy,Sorting,0
18,1105,Easy,Sorting,1
18,1168,Hard,Greedy,0
18,1122,Medium,Trees,0
18,1123,Medium,Strings,1
18,1167,Hard,Trees,0
18,1052,Easy,Sorting,0
18,1194,Medium,Greedy,1
18,1074,Hard,DP,1
18,1083,Medium,Arrays,1
18,1166,Easy,Strings,1
19,1073,Easy,Sorting,1
19,1117,Easy,Graphs,1
19,1165,Hard,Arrays,0
19,1140,Easy,Graphs,1
19,1135,Hard,Math,0
19,1127,Easy,Math,1
19,1035,Medium,Arrays,1
19,1130,Easy,Greedy,0
19,1120,Medium,Greedy,1
19,1070,Hard,Graphs,1
19,1050,Hard,Trees,0
19,1029,Easy,Math,1
19,1085,Easy,Arrays,1
19,1042,Easy,DP,0
19,1118,Hard,Graphs,1
19,1166,Easy,Strings,1
19,1066,Medium,Sorting,0
19,1048,Hard,Graphs,0
19,1004,Medium,Graphs,0
19,1087,Medium,Math,0
19,1076,Hard,Greedy,0
19,1146,Hard,Arrays,0
19,1173,Easy,Greedy,1
19,1190,Medium,Graphs,0
19,1045,Hard,Trees,0
19,1157,Medium,Arrays,1
19,1164,Hard,DP,1
19,1104,Hard,Greedy,0
19,1110,Easy,Sorting,1
19,1132,Hard,Graphs,0
19,1084,Easy,Arrays,1
19,1023,Easy,Greedy,1
19,1103,Easy,Arrays,1
19,1025,Hard,Graphs,1
19,1183,Easy,Strings,1
19,1036,Easy,Arrays,1
19,1123,Medium,Strings,0
19,1083,Medium,Arrays,0
19,1064,Easy,DP,1
19,1002,Medium,Greedy,0
19,1067,Easy,Strings,1
19,1099,Medium,DP,1
19,1061,Medium,Graphs,1
19,1115,Easy,Sorting,1
19,1069,Easy,Greedy,1
19,1188,Easy,Graphs,1
19,1078,Hard,Strings,0
19,1150,Medium,Math,1
19,1147,Easy,Trees,1
19,1003,Easy,Graphs,1
19,1160,Medium,Graphs,1
19,1093,Easy,Trees,1
19,1158,Easy,Arrays,1
19,1016,Easy,Strings,1
19,1031,Medium,DP,0
19,1192,Medium,Trees,1
19,1079,Medium,Sorting,1
20,1009,Easy,Math,1
20,1074,Hard,DP,0
20,1105,Easy,Sorting,1
20,1047,Medium,Graphs,0
20,1035,Medium,Arrays,1
20,1165,Hard,Arrays,0
20,1187,Easy,Greedy,1
20,1166,Easy,Strings,0
20,1108,Easy,Trees,0
20,1096,Easy,Strings,1
20,1098,Easy,Greedy,1
20,1115,Easy,Sorting,1
20,1097,Hard,Graphs,1
20,1188,Easy,Graphs,1
20,1021,Hard,Strings,1
20,1175,Easy,Math,1
20,1170,Easy,Arrays,1
20,1139,Hard,DP,0
20,1196,Medium,DP,1
20,1168,Hard,Greedy,0
20,1090,Easy,Sorting,1
20,1031,Medium,DP,0
20,1046,Easy,DP,1
20,1138,Hard,Graphs,0
20,1101,Medium,Graphs,1
20,1136,Medium,Arrays,1
20,1033,Easy,Trees,1
20,1058,Easy,Arrays,1
20,1001,Medium,Arrays,1
20,1006,Easy,Greedy,0
20,1077,Medium,Trees,0
20,1119,Medium,Greedy,1
20,1140,Easy,Graphs,1
20,1109,Easy,Sorting,1
20,1137,Medium,Math,1
20,1190,Medium,Graphs,0
20,1059,Hard,Math,0
20,1064,Easy,DP,1
20,1118,Hard,Graphs,1
20,1089,Medium,Sorting,0
20,1040,Easy,Sorting,1
20,1071,Easy,Sorting,1
20,1049,Easy,DP,1
20,1029,Easy,Math,1
20,1200,Medium,Strings,1
20,1192,Medium,Trees,0
20,1005,Medium,Arrays,1
20,1062,Hard,Math,0
20,1053,Medium,Arrays,0
20,1018,Medium,Graphs,1
20,1026,Easy,Sorting,0
20,1156,Medium,DP,1
20,1189,Hard,Strings,1
20,1013,Easy,Greedy,1
20,1063,Hard,Greedy,1
20,1012,Medium,Strings,0
20,1103,Easy,Arrays,1
20,1113,Medium,Arrays,0
20,1060,Hard,DP,1
20,1183,Easy,Strings,1
20,1056,Hard,Strings,1
20,1015,Easy,Trees,1
20,1036,Easy,Arrays,1
20,1129,Easy,Graphs,1
20,1075,Easy,Trees,1
20,1142,Easy,Greedy,0
20,1082,Medium,Greedy,1
20,1083,Medium,Arrays,0
20,1061,Medium,Graphs,0
20,1078,Hard,Strings,1
20,1037,Hard,Trees,1
20,1057,Easy,Trees,1
20,1106,Medium,Trees,1
20,1039,Hard,Strings,1
20,1177,Easy,Trees,1
21,1076,Hard,Greedy,0
21,1040,Easy,Sorting,1
21,1051,Medium,Trees,1
21,1085,Easy,Arrays,1
21,1059,Hard,Math,1
21,1098,Easy,Greedy,0
21,1146,Hard,Arrays,0
21,1063,Hard,Greedy,1
21,1128,Medium,Graphs,0
21,1141,Medium,DP,1
21,1168,Hard,Greedy,0
21,1176,Hard,Math,1
21,1087,Medium,Math,0
21,1066,Medium,Sorting,1
21,1126,Easy,Trees,1
21,1165,Hard,Arrays,1
21,1186,Easy,Trees,1
21,1118,Hard,Graphs,0
21,1044,Medium,Trees,1
21,1091,Hard,Greedy,0
21,1182,Easy,Trees,1
21,1036,Easy,Arrays,1
21,1140,Easy,Graphs,1
21,1184,Medium,Graphs,1
21,1048,Hard,Graphs,0
21,1139,Hard,DP,0
21,1185,Easy,Greedy,1
21,1016,Easy,Strings,1
21,1135,Hard,Math,1
21,1009,Easy,Math,1
21,1020,Easy,Math,1
21,1013,Easy,Greedy,1
21,1002,Medium,Greedy,1
21,1106,Medium,Trees,0
21,1179,Hard,Graphs,0
21,1162,Hard,DP,1
21,1060,Hard,DP,0
21,1018,Medium,Graphs,1
21,1039,Hard,Strings,1
21,1003,Easy,Graphs,1
21,1056,Hard,Strings,1
21,1130,Easy,Greedy,1
21,1117,Easy,Graphs,1
21,1096,Easy,Strings,1
21,1173,Easy,Greedy,1
21,1124,Hard,Greedy,0
21,1125,Medium,Strings,1
21,1005,Medium,Arrays,1
21,1190,Medium,Graphs,1
21,1137,Medium,Math,0
21,1142,Easy,Greedy,1
21,1167,Hard,Trees,0
21,1004,Medium,Graphs,1
21,1153,Medium,Graphs,0
21,1136,Medium,Arrays,0
21,1071,Easy,Sorting,1
21,1138,Hard,Graphs,1
21,1074,Hard,DP,0
21,1147,Easy,Trees,1
21,1129,Easy,Graphs,1
21,1111,Easy,Math,1
21,1046,Easy,DP,1
21,1028,Easy,Strings,1
21,1025,Hard,Graphs,0
21,1172,Easy,Sorting,1
21,1174,Easy,Greedy,0
21,1062,Hard,Math,1
21,1050,Hard,Trees,0
22,1126,Easy,Trees,1
22,1059,Hard,Math,0
22,1092,Easy,Trees,1
22,1142,Easy,Greedy,1
22,1097,Hard,Graphs,1
22,1111,Easy,Math,1
22,1048,Hard,Graphs,0
22,1175,Easy,Math,1
22,1150,Medium,Math,1
22,1170,Easy,Arrays,1
22,1098,Easy,Greedy,0
22,1022,Medium,Graphs,1
22,1159,Hard,Greedy,0
22,1076,Hard,Greedy,0
22,1064,Easy,DP,1
22,1183,Easy,Strings,1
22,1019,Hard,Trees,0
22,1189,Hard,Strings,0
22,1069,Easy,Greedy,0
22,1040,Easy,Sorting,1
22,1190,Medium,Graphs,1
22,1163,Hard,Greedy,0
22,1181,Easy,Math,1
22,1100,Medium,Math,1
22,1082,Medium,Greedy,0
22,1093,Easy,Trees,0
22,1028,Easy,Strings,1
22,1024,Hard,Graphs,0
22,1002,Medium,Greedy,1
22,1079,Medium,Sorting,1
22,1114,Medium,Arrays,1
22,1193,Easy,Math,1
22,1070,Hard,Graphs,0
22,1027,Medium,Strings,1
22,1034,Easy,Greedy,1
22,1023,Easy,Greedy,1
22,1194,Medium,Greedy,1
22,1195,Medium,Trees,1
22,1115,Easy,Sorting,1
22,1143,Medium,Greedy,1
22,1161,Easy,Trees,0
22,1132,Hard,Graphs,0
22,1105,Easy,Sorting,1
22,1167,Hard,Trees,0
22,1007,Easy,Arrays,1
22,1165,Hard,Arrays,0
22,1091,Hard,Greedy,0
22,1197,Medium,Math,0
22,1173,Easy,Greedy,1
22,1084,Easy,Arrays,1
22,1099,Medium,DP,1
22,1004,Medium,Graphs,1
22,1075,Easy,Trees,1
22,1106,Medium,Trees,0
22,1177,Easy,Trees,1
22,1185,Easy,Greedy,1
22,1144,Medium,Math,0
22,1063,Hard,Greedy,0
22,1134,Easy,Sorting,1
22,1044,Medium,Trees,1
22,1180,Hard,Math,0
22,1141,Medium,DP,0
22,1036,Easy,Arrays,1
22,1182,Easy,Trees,1
22,1078,Hard,Strings,1
22,1137,Medium,Math,0
22,1127,Easy,Math,1
22,1038,Easy,Greedy,1
22,1017,Medium,Arrays,1
22,1043,Easy,Math,1
22,1112,Easy,Arrays,1
22,1071,Easy,Sorting,1
23,1145,Medium,Math,1
23,1166,Easy,Strings,1
23,1174,Easy,Greedy,1
23,1103,Easy,Arrays,1
23,1193,Easy,Math,1
23,1085,Easy,Arrays,0
23,1111,Easy,Math,1
23,1028,Easy,Strings,1
23,1003,Easy,Graphs,0
23,1026,Easy,Sorting,1
23,1067,Easy,Strings,1
23,1057,Easy,Trees,1
23,1131,Medium,DP,1
23,1192,Medium,Trees,1
23,1133,Hard,Strings,0
23,1143,Medium,Greedy,1
23,1149,Easy,DP,1
23,1177,Easy,Trees,1
23,1148,Hard,Arrays,0
23,1115,Easy,Sorting,1
24,1182,Easy,Trees,1
24,1030,Medium,Graphs,1
24,1006,Easy,Greedy,1
24,1088,Medium,Greedy,1
24,1166,Easy,Strings,0
24,1028,Easy,Strings,0
24,1174,Easy,Greedy,1
24,1043,Easy,Math,1
24,1190,Medium,Graphs,1
24,1063,Hard,Greedy,0
24,1133,Hard,Strings,0
24,1045,Hard,Trees,0
24,1142,Easy,Greedy,0
24,1041,Easy,Sorting,1
24,1085,Easy,Arrays,0
24,1144,Medium,Math,0
24,1110,Easy,Sorting,1
24,1119,Medium,Greedy,1
24,1060,Hard,DP,1
24,1104,Hard,Greedy,0
25,1153,Medium,Graphs,0
25,1100,Medium,Math,1
25,1157,Medium,Arrays,1
25,1101,Medium,Graphs,0
25,1151,Easy,Sorting,1
25,1030,Medium,Graphs,0
25,1090,Easy,Sorting,1
25,1091,Hard,Greedy,1
25,1118,Hard,Graphs,1
25,1159,Hard,Greedy,0
25,1045,Hard,Trees,1
25,1173,Easy,Greedy,1
25,1181,Easy,Math,1
25,1077,Medium,Trees,1
25,1158,Easy,Arrays,1
25,1152,Medium,Trees,0
25,1022,Medium,Graphs,0
25,1189,Hard,Strings,0
25,1035,Medium,Arrays,1
25,1081,Easy,Arrays,1
25,1031,Medium,DP,0
25,1062,Hard,Math,0
25,1079,Medium,Sorting,1
25,1195,Medium,Trees,0
25,1047,Medium,Graphs,1
25,1096,Easy,Strings,1
25,1037,Hard,Trees,0
25,1131,Medium,DP,0
25,1199,Easy,Greedy,1
25,1108,Easy,Trees,0
25,1200,Medium,Strings,0
25,1036,Easy,Arrays,1
25,1148,Hard,Arrays,0
25,1099,Medium,DP,1
25,1109,Easy,Sorting,1
25,1048,Hard,Graphs,0
25,1125,Medium,Strings,1
25,1163,Hard,Greedy,0
25,1138,Hard,Graphs,0
25,1190,Medium,Graphs,1
25,1143,Medium,Greedy,0
25,1043,Easy,Math,1
25,1126,Easy,Trees,1
25,1074,Hard,DP,0
25,1169,Easy,Graphs,1
25,1165,Hard,Arrays,1
25,1188,Easy,Graphs,1
25,1116,Medium,DP,1
25,1014,Hard,Strings,1
25,1092,Easy,Trees,1
25,1003,Easy,Graphs,1
25,1164,Hard,DP,1
25,1182,Easy,Trees,1
25,1050,Hard,Trees,0
25,1167,Hard,Trees,0
26,1132,Hard,Graphs,0
26,1174,Easy,Greedy,1
26,1025,Hard,Graphs,0
26,1035,Medium,Arrays,0
26,1193,Easy,Math,1
26,1106,Medium,Trees,0
26,1016,Easy,Strings,0
26,1071,Easy,Sorting,0
26,1168,Hard,Greedy,0
26,1033,Easy,Trees,1
26,1180,Hard,Math,0
26,1034,Easy,Greedy,0
26,1064,Easy,DP,1
26,1038,Easy,Greedy,0
26,1183,Easy,Strings,1
26,1083,Medium,Arrays,1
26,1188,Easy,Graphs,0
26,1199,Easy,Greedy,1
26,1101,Medium,Graphs,0
26,1126,Easy,Trees,0
26,1037,Hard,Trees,0
26,1148,Hard,Arrays,0
26,1162,Hard,DP,0
26,1069,Easy,Greedy,0
26,1161,Easy,Trees,1
26,1107,Hard,DP,0
26,1097,Hard,Graphs,1
26,1116,Medium,DP,0
26,1020,Easy,Math,1
26,1163,Hard,Greedy,1
26,1024,Hard,Graphs,0
26,1104,Hard,Greedy,0
26,1200,Medium,Strings,0
26,1072,Hard,DP,0
26,1095,Medium,Graphs,1
26,1117,Easy,Graphs,1
26,1125,Medium,Strings,1
26,1084,Easy,Arrays,1
26,1149,Easy,DP,1
26,1001,Medium,Arrays,0
26,1170,Easy,Arrays,1
26,1118,Hard,Graphs,1
26,1092,Easy,Trees,1
26,1017,Medium,Arrays,1
26,1137,Medium,Math,0
26,1102,Medium,Graphs,0
26,1056,Hard,Strings,0
26,1110,Easy,Sorting,1
26,1055,Medium,Math,1
27,1081,Easy,Arrays,0
27,1095,Medium,Graphs,1
27,1077,Medium,Trees,1
27,1036,Easy,Arrays,1
27,1098,Easy,Greedy,1
27,1193,Easy,Math,1
27,1035,Medium,Arrays,0
27,1165,Hard,Arrays,1
27,1174,Easy,Greedy,1
27,1037,Hard,Trees,1
27,1018,Medium,Graphs,1
27,1136,Medium,Arrays,0
27,1145,Medium,Math,1
27,1003,Easy,Graphs,0
27,1157,Medium,Arrays,1
27,1167,Hard,Trees,0
27,1043,Easy,Math,1
27,1113,Medium,Arrays,1
27,1090,Easy,Sorting,1
27,1055,Medium,Math,1
27,1161,Easy,Trees,1
27,1039,Hard,Strings,0
27,1106,Medium,Trees,0
27,1158,Easy,Arrays,1
27,1176,Hard,Math,1
27,1114,Medium,Arrays,1
27,1056,Hard,Strings,1
27,1023,Easy,Greedy,1
28,1093,Easy,Trees,1
28,1082,Medium,Greedy,1
28,1034,Easy,Greedy,1
28,1100,Medium,Math,1
28,1146,Hard,Arrays,0
28,1108,Easy,Trees,1
28,1094,Medium,Arrays,0
28,1140,Easy,Graphs,1
28,1175,Easy,Math,1
28,1045,Hard,Trees,0
28,1196,Medium,DP,1
28,1121,Medium,Arrays,0
28,1198,Medium,Arrays,0
28,1019,Hard,Trees,0
28,1005,Medium,Arrays,1
28,1151,Easy,Sorting,1
29,1138,Hard,Graphs,0
29,1084,Easy,Arrays,0
29,1101,Medium,Graphs,0
29,1151,Easy,Sorting,1
29,1163,Hard,Greedy,1
29,1167,Hard,Trees,0
29,1175,Easy,Math,1
29,1165,Hard,Arrays,0
29,1017,Medium,Arrays,0
29,1080,Easy,Greedy,1
29,1179,Hard,Graphs,0
29,1112,Easy,Arrays,1
29,1187,Easy,Greedy,1
29,1062,Hard,Math,0
29,1015,Easy,Trees,1
29,1063,Hard,Greedy,1
29,1023,Easy,Greedy,1
29,1189,Hard,Strings,0
29,1030,Medium,Graphs,0
29,1117,Easy,Graphs,1
29,1157,Medium,Arrays,1
29,1156,Medium,DP,1
29,1186,Easy,Trees,1
29,1191,Medium,Math,0
29,1171,Hard,Greedy,0
29,1169,Easy,Graphs,1
29,1045,Hard,Trees,0
29,1031,Medium,DP,1
29,1004,Medium,Graphs,0
29,1036,Easy,Arrays,1
29,1003,Easy,Graphs,1
29,1042,Easy,DP,1
29,1128,Medium,Graphs,1
29,1089,Medium,Sorting,0
30,1058,Easy,Arrays,1
30,1083,Medium,Arrays,1
30,1064,Easy,DP,0
30,1107,Hard,DP,1
30,1185,Easy,Greedy,1
30,1082,Medium,Greedy,1
30,1070,Hard,Graphs,0
30,1020,Easy,Math,1
30,1147,Easy,Trees,1
30,1096,Easy,Strings,1
30,1031,Medium,DP,0
30,1129,Easy,Graphs,1
30,1173,Easy,Greedy,1
30,1014,Hard,Strings,1
30,1046,Easy,DP,1
30,1200,Medium,Strings,0
30,1133,Hard,Strings,0
30,1012,Medium,Strings,1
30,1103,Easy,Arrays,1
30,1018,Medium,Graphs,1
30,1120,Medium,Greedy,1
30,1073,Easy,Sorting,1
30,1080,Easy,Greedy,1
30,1084,Easy,Arrays,1
30,1023,Easy,Greedy,1
30,1142,Easy,Greedy,1
30,1117,Easy,Graphs,1
30,1003,Easy,Graphs,1
30,1095,Medium,Graphs,0
30,1052,Easy,Sorting,1
30,1075,Easy,Trees,1
30,1145,Medium,Math,1
30,1078,Hard,Strings,1
30,1160,Medium,Graphs,1
30,1063,Hard,Greedy,0
30,1119,Medium,Greedy,0
30,1172,Easy,Sorting,1
30,1152,Medium,Trees,1
30,1127,Easy,Math,1
30,1051,Medium,Trees,1
30,1140,Easy,Graphs,1
30,1166,Easy,Strings,1
30,1039,Hard,Strings,1
30,1002,Medium,Greedy,1
30,1105,Easy,Sorting,1
30,1007,Easy,Arrays,1
30,1060,Hard,DP,0
30,1139,Hard,DP,1
30,1089,Medium,Sorting,1
30,1188,Easy,Graphs,1
30,1086,Hard,Graphs,0
30,1001,Medium,Arrays,1
30,1097,Hard,Graphs,0
30,1079,Medium,Sorting,0
30,1027,Medium,Strings,1
30,1053,Medium,Arrays,1
30,1136,Medium,Arrays,0
30,1061,Medium,Graphs,0
30,1108,Easy,Trees,1
30,1126,Easy,Trees,1
30,1016,Easy,Strings,1
30,1037,Hard,Trees,0
30,1072,Hard,DP,0
30,1024,Hard,Graphs,0
30,1183,Easy,Strings,1
30,1154,Easy,DP,1
30,1134,Easy,Sorting,1
30,1106,Medium,Trees,1
31,1033,Easy,Trees,1
31,1024,Hard,Graphs,1
31,1085,Easy,Arrays,1
31,1032,Medium,Greedy,0
31,1011,Hard,DP,1
31,1119,Medium,Greedy,0
31,1013,Easy,Greedy,1
31,1044,Medium,Trees,0
31,1147,Easy,Trees,1
31,1111,Easy,Math,1
31,1186,Easy,Trees,1
31,1102,Medium,Graphs,0
31,1128,Medium,Graphs,1
31,1008,Medium,Trees,1
31,1098,Easy,Greedy,1
31,1175,Easy,Math,1
31,1110,Easy,Sorting,1
31,1045,Hard,Trees,1
31,1091,Hard,Greedy,0
31,1055,Medium,Math,0
31,1048,Hard,Graphs,0
31,1071,Easy,Sorting,1
31,1072,Hard,DP,1
31,1115,Easy,Sorting,0
31,1039,Hard,Strings,0
31,1009,Easy,Math,1
31,1158,Easy,Arrays,1
31,1159,Hard,Greedy,0
31,1174,Easy,Greedy,1
31,1063,Hard,Greedy,1
31,1166,Easy,Strings,1
31,1076,Hard,Greedy,0
31,1188,Easy,Graphs,1
31,1106,Medium,Trees,0
31,1141,Medium,DP,1
31,1123,Medium,Strings,1
31,1016,Easy,Strings,1
31,1023,Easy,Greedy,1
31,1178,Medium,Strings,0
31,1099,Medium,DP,1
31,1036,Easy,Arrays,1
31,1108,Easy,Trees,1
31,1052,Easy,Sorting,1
31,1135,Hard,Math,0
31,1064,Easy,DP,1
31,1140,Easy,Graphs,1
31,1005,Medium,Arrays,0
31,1190,Medium,Graphs,1
31,1092,Easy,Trees,0
31,1165,Hard,Arrays,1
31,1155,Medium,Strings,1
31,1125,Medium,Strings,1
31,1089,Medium,Sorting,1
31,1145,Medium,Math,1
31,1129,Easy,Graphs,0
31,1083,Medium,Arrays,0
31,1100,Medium,Math,0
31,1070,Hard,Graphs,0
31,1047,Medium,Graphs,1
31,1007,Easy,Arrays,0
31,1082,Medium,Greedy,0
31,1057,Easy,Trees,0
31,1187,Easy,Greedy,1
31,1162,Hard,DP,1
31,1015,Easy,Trees,1
31,1121,Medium,Arrays,1
31,1152,Medium,Trees,1
31,1060,Hard,DP,0
31,1041,Easy,Sorting,1
31,1026,Easy,Sorting,1
31,1156,Medium,DP,0
32,1198,Medium,Arrays,1
32,1146,Hard,Arrays,0
32,1009,Easy,Math,1
32,1047,Medium,Graphs,0
32,1155,Medium,Strings,1
32,1082,Medium,Greedy,1
32,1157,Medium,Arrays,1
32,1057,Easy,Trees,1
32,1164,Hard,DP,1
32,1145,Medium,Math,1
32,1027,Medium,Strings,0
32,1128,Medium,Graphs,1
32,1037,Hard,Trees,0
32,1085,Easy,Arrays,1
32,1020,Easy,Math,1
32,1061,Medium,Graphs,1
32,1089,Medium,Sorting,1
32,1195,Medium,Trees,1
32,1043,Easy,Math,1
32,1163,Hard,Greedy,0
32,1023,Easy,Greedy,1
32,1172,Easy,Sorting,1
32,1192,Medium,Trees,1
32,1086,Hard,Graphs,1
32,1115,Easy,Sorting,1
32,1003,Easy,Graphs,1
32,1068,Hard,Math,0
32,1054,Medium,Graphs,1
32,1064,Easy,DP,1
32,1018,Medium,Graphs,1
32,1090,Easy,Sorting,0
32,1066,Medium,Sorting,1
32,1028,Easy,Strings,1
32,1001,Medium,Arrays,0
32,1013,Easy,Greedy,1
32,1099,Medium,DP,0
32,1113,Medium,Arrays,1
32,1108,Easy,Trees,1
32,1182,Easy,Trees,1
32,1106,Medium,Trees,1
32,1127,Easy,Math,1
32,1097,Hard,Graphs,1
32,1170,Easy,Arrays,1
32,1140,Easy,Graphs,1
32,1159,Hard,Greedy,1
32,1026,Easy,Sorting,1
32,1123,Medium,Strings,1
32,1148,Hard,Arrays,1
32,1058,Easy,Arrays,1
32,1042,Easy,DP,1
32,1116,Medium,DP,1
32,1019,Hard,Trees,0
32,1200,Medium,Strings,1
32,1076,Hard,Greedy,0
32,1006,Easy,Greedy,1
32,1183,Easy,Strings,1
32,1067,Easy,Strings,1
32,1190,Medium,Graphs,1
32,1149,Easy,DP,0
32,1088,Medium,Greedy,0
32,1044,Medium,Trees,0
32,1156,Medium,DP,1
32,1151,Easy,Sorting,1
32,1186,Easy,Trees,1
32,1024,Hard,Graphs,1
33,1129,Easy,Graphs,1
33,1147,Easy,Trees,1
33,1133,Hard,Strings,1
33,1174,Easy,Greedy,1
33,1159,Hard,Greedy,1
33,1038,Easy,Greedy,1
33,1031,Medium,DP,0
33,1194,Medium,Greedy,1
33,1115,Easy,Sorting,1
33,1045,Hard,Trees,0
33,1043,Easy,Math,1
33,1055,Medium,Math,1
33,1050,Hard,Trees,0
33,1033,Easy,Trees,1
33,1011,Hard,DP,0
33,1109,Easy,Sorting,1
33,1021,Hard,Strings,0
33,1175,Easy,Math,1
33,1112,Easy,Arrays,1
34,1028,Easy,Strings,1
34,1145,Medium,Math,1
34,1026,Easy,Sorting,1
34,1074,Hard,DP,1
34,1138,Hard,Graphs,0
34,1089,Medium,Sorting,1
34,1106,Medium,Trees,0
34,1068,Hard,Math,1
34,1099,Medium,DP,0
34,1168,Hard,Greedy,0
34,1125,Medium,Strings,0
34,1147,Easy,Trees,0
34,1156,Medium,DP,1
34,1122,Medium,Trees,1
34,1010,Hard,Arrays,0
34,1045,Hard,Trees,0
34,1071,Easy,Sorting,1
34,1104,Hard,Greedy,0
34,1037,Hard,Trees,0
34,1159,Hard,Greedy,1
34,1188,Easy,Graphs,1
34,1175,Easy,Math,0
34,1178,Medium,Strings,1
34,1103,Easy,Arrays,1
34,1186,Easy,Trees,1
34,1102,Medium,Graphs,1
34,1085,Easy,Arrays,1
35,1080,Easy,Greedy,1
35,1182,Easy,Trees,0
35,1130,Easy,Greedy,1
35,1104,Hard,Greedy,1
35,1035,Medium,Arrays,1
35,1135,Hard,Math,0
35,1146,Hard,Arrays,0
35,1008,Medium,Trees,1
35,1045,Hard,Trees,0
35,1050,Hard,Trees,1
35,1052,Easy,Sorting,1
35,1015,Easy,Trees,1
35,1064,Easy,DP,1
35,1009,Easy,Math,1
35,1117,Easy,Graphs,1
35,1013,Easy,Greedy,1
35,1093,Easy,Trees,1
35,1181,Easy,Math,1
35,1051,Medium,Trees,1
35,1071,Easy,Sorting,1
35,1095,Medium,Graphs,1
35,1119,Medium,Greedy,1
35,1198,Medium,Arrays,0
36,1122,Medium,Trees,0
36,1034,Easy,Greedy,1
36,1166,Easy,Strings,1
36,1045,Hard,Trees,1
36,1154,Easy,DP,1
36,1003,Easy,Graphs,1
36,1058,Easy,Arrays,1
36,1065,Medium,Arrays,1
36,1156,Medium,DP,0
36,1079,Medium,Sorting,0
36,1183,Easy,Strings,0
36,1182,Easy,Trees,1
36,1165,Hard,Arrays,0
36,1071,Easy,Sorting,1
36,1109,Easy,Sorting,1
36,1097,Hard,Graphs,0
37,1164,Hard,DP,0
37,1084,Easy,Arrays,1
37,1071,Easy,Sorting,1
37,1067,Easy,Strings,0
37,1168,Hard,Greedy,0
37,1183,Easy,Strings,0
37,1167,Hard,Trees,0
37,1077,Medium,Trees,0
37,1049,Easy,DP,1
37,1039,Hard,Strings,1
37,1133,Hard,Strings,1
37,1062,Hard,Math,0
37,1015,Easy,Trees,1
37,1154,Easy,DP,1
37,1104,Hard,Greedy,0
37,1170,Easy,Arrays,1
37,1082,Medium,Greedy,1
37,1175,Easy,Math,1
37,1036,Easy,Arrays,1
37,1007,Easy,Arrays,1
37,1196,Medium,DP,0
37,1128,Medium,Graphs,1
37,1076,Hard,Greedy,0
37,1197,Medium,Math,1
37,1108,Easy,Trees,0
37,1186,Easy,Trees,0
37,1100,Medium,Math,0
37,1010,Hard,Arrays,1
37,1150,Medium,Math,0
37,1147,Easy,Trees,1
37,1192,Medium,Trees,1
37,1088,Medium,Greedy,1
37,1057,Easy,Trees,0
37,1137,Medium,Math,1
37,1200,Medium,Strings,1
37,1122,Medium,Trees,1
37,1092,Easy,Trees,1
37,1130,Easy,Greedy,0
37,1193,Easy,Math,1
37,1044,Medium,Trees,1
37,1143,Medium,Greedy,0
37,1047,Medium,Graphs,0
37,1178,Medium,Strings,1
37,1025,Hard,Graphs,0
37,1121,Medium,Arrays,1
37,1033,Easy,Trees,1
37,1177,Easy,Trees,1
37,1144,Medium,Math,1
37,1159,Hard,Greedy,0
37,1086,Hard,Graphs,0
38,1194,Medium,Greedy,1
38,1136,Medium,Arrays,1
38,1049,Easy,DP,1
38,1005,Medium,Arrays,1
38,1174,Easy,Greedy,1
38,1002,Medium,Greedy,0
38,1161,Easy,Trees,1
38,1188,Easy,Graphs,1
38,1064,Easy,DP,1
38,1058,Easy,Arrays,1
38,1178,Medium,Strings,1
38,1089,Medium,Sorting,1
38,1080,Easy,Greedy,1
38,1034,Easy,Greedy,1
38,1027,Medium,Strings,1
38,1099,Medium,DP,0
38,1129,Easy,Graphs,1
38,1151,Easy,Sorting,1
38,1079,Medium,Sorting,1
38,1043,Easy,Math,1
38,1017,Medium,Arrays,1
38,1012,Medium,Strings,1
38,1077,Medium,Trees,0
38,1075,Easy,Trees,1
38,1117,Easy,Graphs,0
38,1134,Easy,Sorting,1
38,1153,Medium,Graphs,1
38,1135,Hard,Math,1
38,1087,Medium,Math,1
38,1112,Easy,Arrays,1
38,1035,Medium,Arrays,0
38,1088,Medium,Greedy,1
38,1126,Easy,Trees,1
38,1092,Easy,Trees,1
38,1198,Medium,Arrays,1
38,1181,Easy,Math,1
38,1104,Hard,Greedy,0
38,1197,Medium,Math,1
38,1059,Hard,Math,0
38,1191,Medium,Math,0
38,1187,Easy,Greedy,1
38,1055,Medium,Math,0
38,1006,Easy,Greedy,1
38,1183,Easy,Strings,1
38,1130,Easy,Greedy,1
38,1044,Medium,Trees,0
38,1032,Medium,Greedy,1
38,1094,Medium,Arrays,1
38,1010,Hard,Arrays,0
38,1097,Hard,Graphs,0
38,1066,Medium,Sorting,0
38,1137,Medium,Math,1
38,1013,Easy,Greedy,1
38,1148,Hard,Arrays,1
38,1028,Easy,Strings,1
38,1158,Easy,Arrays,1
39,1036,Easy,Arrays,1
39,1170,Easy,Arrays,1
39,1166,Easy,Strings,1
39,1044,Medium,Trees,0
39,1085,Easy,Arrays,1
39,1092,Easy,Trees,1
39,1113,Medium,Arrays,0
39,1160,Medium,Graphs,1
39,1069,Easy,Greedy,1
39,1188,Easy,Graphs,1
39,1024,Hard,Graphs,0
39,1096,Easy,Strings,1
39,1088,Medium,Greedy,1
39,1047,Medium,Graphs,0
39,1030,Medium,Graphs,1
39,1103,Easy,Arrays,1
40,1200,Medium,Strings,1
40,1092,Easy,Trees,1
40,1157,Medium,Arrays,1
40,1008,Medium,Trees,0
40,1176,Hard,Math,0
40,1187,Easy,Greedy,1
40,1034,Easy,Greedy,1
40,1124,Hard,Greedy,1
40,1125,Medium,Strings,0
40,1029,Easy,Math,0
40,1106,Medium,Trees,0
40,1113,Medium,Arrays,0
40,1012,Medium,Strings,0
40,1017,Medium,Arrays,0
40,1067,Easy,Strings,1
40,1168,Hard,Greedy,0
40,1081,Easy,Arrays,1
40,1004,Medium,Graphs,1
40,1181,Easy,Math,0
40,1174,Easy,Greedy,0
40,1135,Hard,Math,0
40,1148,Hard,Arrays,0
40,1145,Medium,Math,0
40,1058,Easy,Arrays,1
40,1172,Easy,Sorting,1
40,1087,Medium,Math,1
40,1133,Hard,Strings,0
40,1134,Easy,Sorting,1
40,1159,Hard,Greedy,0
40,1025,Hard,Graphs,1
40,1111,Easy,Math,1
40,1064,Easy,DP,1
40,1193,Easy,Math,0
40,1089,Medium,Sorting,0
40,1165,Hard,Arrays,0
40,1099,Medium,DP,1
40,1039,Hard,Strings,0
40,1143,Medium,Greedy,1
40,1198,Medium,Arrays,0
40,1014,Hard,Strings,0
40,1003,Easy,Graphs,1
40,1041,Easy,Sorting,1
40,1130,Easy,Greedy,1
40,1121,Medium,Arrays,1
40,1127,Easy,Math,0
40,1043,Easy,Math,1
40,1020,Easy,Math,0
40,1126,Easy,Trees,1
40,1083,Medium,Arrays,1
40,1062,Hard,Math,0
40,1085,Easy,Arrays,1
40,1072,Hard,DP,0
40,1013,Easy,Greedy,1
40,1158,Easy,Arrays,1
40,1177,Easy,Trees,0
40,1141,Medium,DP,1
40,1097,Hard,Graphs,0
40,1104,Hard,Greedy,0
40,1061,Medium,Graphs,0
40,1021,Hard,Strings,1
40,1118,Hard,Graphs,0
40,1114,Medium,Arrays,0
40,1115,Easy,Sorting,1
41,1200,Medium,Strings,0
41,1046,Easy,DP,0
41,1178,Medium,Strings,0
41,1149,Easy,DP,1
41,1045,Hard,Trees,1
41,1188,Easy,Graphs,1
41,1033,Easy,Trees,1
41,1027,Medium,Strings,1
41,1100,Medium,Math,0
41,1169,Easy,Graphs,0
41,1154,Easy,DP,1
41,1156,Medium,DP,0
41,1083,Medium,Arrays,0
41,1130,Easy,Greedy,1
41,1099,Medium,DP,1
41,1108,Easy,Trees,1
41,1189,Hard,Strings,1
41,1198,Medium,Arrays,0
41,1064,Easy,DP,1
41,1071,Easy,Sorting,0
41,1102,Medium,Graphs,0
41,1088,Medium,Greedy,0
41,1076,Hard,Greedy,0
41,1116,Medium,DP,0
41,1035,Medium,Arrays,0
41,1036,Easy,Arrays,1
41,1106,Medium,Trees,0
41,1155,Medium,Strings,0
41,1132,Hard,Graphs,0
41,1077,Medium,Trees,1
41,1141,Medium,DP,1
41,1081,Easy,Arrays,1
41,1142,Easy,Greedy,1
41,1162,Hard,DP,1
41,1056,Hard,Strings,0
41,1052,Easy,Sorting,1
41,1054,Medium,Graphs,1
41,1160,Medium,Graphs,1
41,1075,Easy,Trees,1
41,1089,Medium,Sorting,0
41,1034,Easy,Greedy,1
41,1199,Easy,Greedy,1
41,1129,Easy,Graphs,1
41,1139,Hard,DP,1
41,1195,Medium,Trees,1
41,1030,Medium,Graphs,1
41,1091,Hard,Greedy,1
41,1144,Medium,Math,0
41,1123,Medium,Strings,0
41,1150,Medium,Math,0
41,1147,Easy,Trees,1
41,1107,Hard,DP,0
41,1137,Medium,Math,1
41,1074,Hard,DP,0
41,1109,Easy,Sorting,1
41,1004,Medium,Graphs,1
41,1134,Easy,Sorting,1
41,1028,Easy,Strings,1
41,1007,Easy,Arrays,1
41,1098,Easy,Greedy,1
41,1038,Easy,Greedy,1
41,1014,Hard,Strings,1
41,1015,Easy,Trees,1
41,1165,Hard,Arrays,1
41,1069,Easy,Greedy,1
41,1042,Easy,DP,1
41,1151,Easy,Sorting,1
41,1065,Medium,Arrays,0
41,1140,Easy,Graphs,1
41,1016,Easy,Strings,0
41,1183,Easy,Strings,1
41,1053,Medium,Arrays,0
41,1009,Easy,Math,1
41,1159,Hard,Greedy,0
41,1105,Easy,Sorting,1
41,1058,Easy,Arrays,0
41,1157,Medium,Arrays,0
41,1079,Medium,Sorting,0
41,1112,Easy,Arrays,0
41,1087,Medium,Math,0
42,1099,Medium,DP,0
42,1066,Medium,Sorting,0
42,1139,Hard,DP,0
42,1186,Easy,Trees,1
42,1073,Easy,Sorting,1
42,1007,Easy,Arrays,1
42,1133,Hard,Strings,0
42,1096,Easy,Strings,0
42,1132,Hard,Graphs,0
42,1131,Medium,DP,0
42,1115,Easy,Sorting,0
42,1125,Medium,Strings,1
42,1012,Medium,Strings,1
42,1076,Hard,Greedy,0
42,1167,Hard,Trees,1
42,1050,Hard,Trees,1
42,1083,Medium,Arrays,0
42,1192,Medium,Trees,0
42,1022,Medium,Graphs,0
42,1025,Hard,Graphs,1
42,1043,Easy,Math,1
42,1138,Hard,Graphs,0
42,1137,Medium,Math,0
42,1002,Medium,Greedy,1
42,1161,Easy,Trees,1
42,1017,Medium,Arrays,0
42,1054,Medium,Graphs,0
42,1172,Easy,Sorting,1
42,1162,Hard,DP,0
43,1180,Hard,Math,1
43,1019,Hard,Trees,0
43,1092,Easy,Trees,1
43,1129,Easy,Graphs,1
43,1028,Easy,Strings,1
43,1075,Easy,Trees,1
43,1176,Hard,Math,1
43,1078,Hard,Strings,0
43,1156,Medium,DP,0
43,1023,Easy,Greedy,1
43,1073,Easy,Sorting,1
43,1196,Medium,DP,0
43,1113,Medium,Arrays,1
43,1098,Easy,Greedy,1
43,1102,Medium,Graphs,1
43,1170,Easy,Arrays,1
43,1008,Medium,Trees,1
43,1122,Medium,Trees,1
43,1041,Easy,Sorting,1
43,1137,Medium,Math,1
44,1055,Medium,Math,1
44,1106,Medium,Trees,0
44,1166,Easy,Strings,0
44,1132,Hard,Graphs,0
44,1037,Hard,Trees,0
44,1042,Easy,DP,1
44,1048,Hard,Graphs,0
44,1057,Easy,Trees,1
44,1158,Easy,Arrays,1
44,1065,Medium,Arrays,0
44,1050,Hard,Trees,0
44,1030,Medium,Graphs,1
44,1047,Medium,Graphs,0
44,1172,Easy,Sorting,1
44,1146,Hard,Arrays,0
44,1014,Hard,Strings,1
44,1141,Medium,DP,1
44,1119,Medium,Greedy,1
44,1198,Medium,Arrays,0
44,1184,Medium,Graphs,1
44,1019,Hard,Trees,0
44,1075,Easy,Trees,1
44,1187,Easy,Greedy,1
44,1018,Medium,Graphs,0
44,1191,Medium,Math,0
44,1026,Easy,Sorting,1
44,1051,Medium,Trees,0
44,1149,Easy,DP,1
44,1125,Medium,Strings,0
44,1085,Easy,Arrays,1
44,1092,Easy,Trees,1
44,1033,Easy,Trees,0
44,1168,Hard,Greedy,0
44,1061,Medium,Graphs,1
44,1175,Easy,Math,1
44,1073,Easy,Sorting,1
44,1159,Hard,Greedy,0
44,1177,Easy,Trees,1
44,1190,Medium,Graphs,0
44,1082,Medium,Greedy,0
44,1178,Medium,Strings,0
44,1116,Medium,DP,0
44,1171,Hard,Greedy,1
44,1079,Medium,Sorting,0
44,1150,Medium,Math,1
44,1040,Easy,Sorting,1
44,1145,Medium,Math,0
44,1186,Easy,Trees,1
44,1094,Medium,Arrays,0
44,1081,Easy,Arrays,0
44,1110,Easy,Sorting,1
44,1044,Medium,Trees,1
44,1002,Medium,Greedy,1
44,1151,Easy,Sorting,1
44,1064,Easy,DP,1
44,1193,Easy,Math,1
44,1112,Easy,Arrays,1
44,1071,Easy,Sorting,1
44,1093,Easy,Trees,0
45,1117,Easy,Graphs,1
45,1012,Medium,Strings,1
45,1011,Hard,DP,0
45,1167,Hard,Trees,0
45,1083,Medium,Arrays,1
45,1027,Medium,Strings,1
45,1181,Easy,Math,1
45,1134,Easy,Sorting,0
45,1163,Hard,Greedy,0
45,1071,Easy,Sorting,1
45,1190,Medium,Graphs,0
45,1068,Hard,Math,0
45,1149,Easy,DP,0
45,1140,Easy,Graphs,0
45,1146,Hard,Arrays,1
45,1045,Hard,Trees,0
45,1097,Hard,Graphs,0
45,1168,Hard,Greedy,0
45,1184,Medium,Graphs,1
45,1094,Medium,Arrays,1
45,1151,Easy,Sorting,1
45,1183,Easy,Strings,1
45,1020,Easy,Math,1
45,1133,Hard,Strings,1
45,1065,Medium,Arrays,1
45,1182,Easy,Trees,0
45,1058,Easy,Arrays,1
45,1177,Easy,Trees,1
45,1104,Hard,Greedy,1
45,1091,Hard,Greedy,1
45,1089,Medium,Sorting,1
45,1125,Medium,Strings,0
45,1124,Hard,Greedy,1
45,1155,Medium,Strings,0
45,1002,Medium,Greedy,1
45,1129,Easy,Graphs,1
45,1036,Easy,Arrays,1
45,1113,Medium,Arrays,1
45,1043,Easy,Math,1
45,1059,Hard,Math,0
45,1178,Medium,Strings,0
45,1132,Hard,Graphs,0
45,1072,Hard,DP,0
45,1055,Medium,Math,0
45,1039,Hard,Strings,0
45,1048,Hard,Graphs,1
45,1041,Easy,Sorting,1
45,1093,Easy,Trees,1
45,1031,Medium,DP,0
45,1161,Easy,Trees,0
45,1107,Hard,DP,0
45,1085,Easy,Arrays,1
45,1030,Medium,Graphs,0
45,1179,Hard,Graphs,0
45,1123,Medium,Strings,0
45,1186,Easy,Trees,1
45,1054,Medium,Graphs,1
45,1042,Easy,DP,1
45,1106,Medium,Trees,1
45,1006,Easy,Greedy,0
45,1063,Hard,Greedy,0
45,1199,Easy,Greedy,0
45,1033,Easy,Trees,1
45,1143,Medium,Greedy,1
45,1035,Medium,Arrays,0
45,1159,Hard,Greedy,0
45,1198,Medium,Arrays,0
45,1038,Easy,Greedy,1
45,1015,Easy,Trees,1
45,1162,Hard,DP,0
45,1067,Easy,Strings,1
45,1047,Medium,Graphs,1
45,1172,Easy,Sorting,1
45,1077,Medium,Trees,1
45,1169,Easy,Graphs,1
46,1145,Medium,Math,0
46,1094,Medium,Arrays,1
46,1157,Medium,Arrays,0
46,1071,Easy,Sorting,0
46,1175,Easy,Math,1
46,1102,Medium,Graphs,1
46,1194,Medium,Greedy,1
46,1053,Medium,Arrays,0
46,1106,Medium,Trees,1
46,1142,Easy,Greedy,1
46,1143,Medium,Greedy,1
46,1124,Hard,Greedy,0
46,1046,Easy,DP,0
46,1095,Medium,Graphs,0
46,1144,Medium,Math,0
46,1190,Medium,Graphs,0
46,1189,Hard,Strings,0
46,1065,Medium,Arrays,1
46,1079,Medium,Sorting,0
46,1148,Hard,Arrays,0
46,1089,Medium,Sorting,0
46,1195,Medium,Trees,1
46,1036,Easy,Arrays,1
46,1169,Easy,Graphs,1
46,1031,Medium,DP,1
46,1059,Hard,Math,0
46,1115,Easy,Sorting,1
46,1042,Easy,DP,1
46,1026,Easy,Sorting,1
46,1055,Medium,Math,1
46,1131,Medium,DP,0
46,1103,Easy,Arrays,1
46,1087,Medium,Math,0
46,1141,Medium,DP,0
46,1158,Easy,Arrays,1
46,1014,Hard,Strings,0
46,1173,Easy,Greedy,1
46,1100,Medium,Math,0
46,1002,Medium,Greedy,1
46,1024,Hard,Graphs,0
46,1038,Easy,Greedy,0
46,1121,Medium,Arrays,0
46,1154,Easy,DP,0
46,1112,Easy,Arrays,0
46,1023,Easy,Greedy,1
46,1017,Medium,Arrays,1
46,1068,Hard,Math,0
46,1057,Easy,Trees,0
46,1187,Easy,Greedy,1
46,1021,Hard,Strings,0
46,1010,Hard,Arrays,0
46,1099,Medium,DP,1
46,1177,Easy,Trees,1
46,1134,Easy,Sorting,1
46,1074,Hard,DP,0
46,1015,Easy,Trees,1
46,1045,Hard,Trees,0
46,1127,Easy,Math,1
46,1113,Medium,Arrays,0
46,1003,Easy,Graphs,1
46,1052,Easy,Sorting,1
46,1133,Hard,Strings,1
46,1146,Hard,Arrays,0
46,1050,Hard,Trees,1
46,1009,Easy,Math,1
46,1170,Easy,Arrays,1
46,1139,Hard,DP,0
46,1060,Hard,DP,0
46,1044,Medium,Trees,1
47,1189,Hard,Strings,0
47,1062,Hard,Math,1
47,1068,Hard,Math,0
47,1053,Medium,Arrays,1
47,1059,Hard,Math,1
47,1052,Easy,Sorting,1
47,1064,Easy,DP,1
47,1159,Hard,Greedy,1
47,1092,Easy,Trees,1
47,1040,Easy,Sorting,1
47,1028,Easy,Strings,1
47,1031,Medium,DP,1
47,1021,Hard,Strings,1
47,1174,Easy,Greedy,0
47,1170,Easy,Arrays,1
47,1127,Easy,Math,1
47,1158,Easy,Arrays,1
47,1002,Medium,Greedy,1
47,1139,Hard,DP,0
47,1011,Hard,DP,1
47,1124,Hard,Greedy,0
47,1096,Easy,Strings,1
47,1193,Easy,Math,1
47,1081,Easy,Arrays,0
47,1185,Easy,Greedy,1
47,1148,Hard,Arrays,0
47,1071,Easy,Sorting,1
47,1126,Easy,Trees,1
47,1047,Medium,Graphs,1
47,1131,Medium,DP,0
47,1072,Hard,DP,1
47,1102,Medium,Graphs,0
47,1057,Easy,Trees,1
47,1175,Easy,Math,1
47,1033,Easy,Trees,1
47,1014,Hard,Strings,0
47,1135,Hard,Math,1
47,1109,Easy,Sorting,0
47,1123,Medium,Strings,0
47,1182,Easy,Trees,1
47,1009,Easy,Math,1
47,1129,Easy,Graphs,1
47,1089,Medium,Sorting,1
47,1101,Medium,Graphs,0
47,1045,Hard,Trees,1
48,1016,Easy,Strings,0
48,1056,Hard,Strings,0
48,1066,Medium,Sorting,1
48,1122,Medium,Trees,0
48,1162,Hard,DP,1
48,1025,Hard,Graphs,1
48,1116,Medium,DP,0
48,1191,Medium,Math,1
48,1086,Hard,Graphs,0
48,1067,Easy,Strings,1
48,1093,Easy,Trees,0
48,1190,Medium,Graphs,1
48,1144,Medium,Math,1
48,1143,Medium,Greedy,1
48,1198,Medium,Arrays,1
48,1089,Medium,Sorting,1
48,1006,Easy,Greedy,1
48,1106,Medium,Trees,0
48,1032,Medium,Greedy,1
48,1090,Easy,Sorting,1
48,1174,Easy,Greedy,0
48,1156,Medium,DP,1
48,1051,Medium,Trees,0
48,1148,Hard,Arrays,0
48,1177,Easy,Trees,1
48,1167,Hard,Trees,0
48,1175,Easy,Math,1
48,1138,Hard,Graphs,0
48,1045,Hard,Trees,0
48,1073,Easy,Sorting,0
48,1091,Hard,Greedy,0
48,1084,Easy,Arrays,1
48,1131,Medium,DP,1
48,1125,Medium,Strings,1
48,1115,Easy,Sorting,1
49,1007,Easy,Arrays,1
49,1198,Medium,Arrays,1
49,1102,Medium,Graphs,1
49,1135,Hard,Math,1
49,1196,Medium,DP,0
49,1022,Medium,Graphs,0
49,1027,Medium,Strings,1
49,1068,Hard,Math,0
49,1159,Hard,Greedy,0
49,1040,Easy,Sorting,1
49,1168,Hard,Greedy,1
49,1100,Medium,Math,0
49,1080,Easy,Greedy,1
49,1059,Hard,Math,0
49,1064,Easy,DP,1
49,1189,Hard,Strings,0
49,1073,Easy,Sorting,1
49,1114,Medium,Arrays,1
49,1161,Easy,Trees,1
49,1033,Easy,Trees,1
49,1034,Easy,Greedy,1
50,1023,Easy,Greedy,1
50,1114,Medium,Arrays,0
50,1079,Medium,Sorting,0
50,1094,Medium,Arrays,0
50,1106,Medium,Trees,1
50,1067,Easy,Strings,1
50,1040,Easy,Sorting,0
50,1078,Hard,Strings,0
50,1003,Easy,Graphs,0
50,1001,Medium,Arrays,1
50,1134,Easy,Sorting,1
50,1035,Medium,Arrays,0
50,1089,Medium,Sorting,0
50,1074,Hard,DP,1
50,1121,Medium,Arrays,0
50,1137,Medium,Math,1
50,1192,Medium,Trees,1
50,1177,Easy,Trees,1
50,1126,Easy,Trees,1
50,1123,Medium,Strings,1
50,1077,Medium,Trees,1
50,1184,Medium,Graphs,1
50,1111,Easy,Math,1
50,1075,Easy,Trees,1
50,1153,Medium,Graphs,1
50,1060,Hard,DP,1
50,1002,Medium,Greedy,1
50,1141,Medium,DP,1
50,1096,Easy,Strings,1
50,1049,Easy,DP,0
50,1196,Medium,DP,0
50,1144,Medium,Math,1
50,1112,Easy,Arrays,1
50,1102,Medium,Graphs,1
50,1064,Easy,DP,0
50,1042,Easy,DP,0
50,1100,Medium,Math,1
50,1097,Hard,Graphs,0
50,1057,Easy,Trees,1
50,1068,Hard,Math,0
50,1021,Hard,Strings,1
50,1109,Easy,Sorting,0
50,1062,Hard,Math,0
50,1133,Hard,Strings,0
